2026/06/14 02:02:43.850, 0, 1, 17, [N/A], 55, 1410, 6000, P0
2026/06/14 02:02:44.855, 0, 1, 72, [N/A], 55, 1410, 5750, P2
2026/06/14 02:02:45.859, 0, 1, 978, [N/A], 55, 1410, 5750, P2
2026/06/14 02:02:46.864, 7, 2, 980, [N/A], 56, 1410, 5750, P2
2026/06/14 02:02:47.868, 95, 5, 980, [N/A], 56, 1410, 5750, P2
2026/06/14 02:02:48.872, 100, 6, 980, [N/A], 57, 1410, 5750, P2
2026/06/14 02:02:49.877, 95, 11, 980, [N/A], 56, 1410, 5750, P2
2026/06/14 02:02:50.881, 100, 5, 980, [N/A], 56, 1410, 5750, P2
2026/06/14 02:02:51.885, 88, 13, 980, [N/A], 58, 1410, 5750, P2
2026/06/14 02:02:52.890, 81, 26, 980, [N/A], 57, 1410, 5750, P2
2026/06/14 02:02:53.894, 88, 6, 980, [N/A], 57, 1410, 5750, P2
2026/06/14 02:02:54.898, 86, 4, 982, [N/A], 57, 1410, 5750, P2
2026/06/14 02:02:55.903, 89, 18, 982, [N/A], 58, 1410, 5750, P2
2026/06/14 02:02:56.907, 81, 31, 982, [N/A], 58, 1410, 5750, P2
2026/06/14 02:02:57.911, 93, 9, 982, [N/A], 57, 1410, 5750, P2
2026/06/14 02:02:58.916, 87, 4, 982, [N/A], 58, 1410, 5750, P2
2026/06/14 02:02:59.920, 88, 13, 982, [N/A], 59, 1410, 5750, P2
2026/06/14 02:03:00.925, 81, 33, 982, [N/A], 58, 1410, 5750, P2
2026/06/14 02:03:01.929, 96, 9, 982, [N/A], 58, 1410, 5750, P2
2026/06/14 02:03:02.935, 93, 5, 982, [N/A], 58, 1410, 5750, P2
2026/06/14 02:03:03.940, 88, 16, 982, [N/A], 59, 1410, 5750, P2
2026/06/14 02:03:04.946, 80, 24, 982, [N/A], 58, 1410, 5750, P2
2026/06/14 02:03:05.951, 95, 15, 982, [N/A], 58, 1410, 5750, P2
2026/06/14 02:03:06.955, 100, 5, 982, [N/A], 58, 1410, 5750, P2
2026/06/14 02:03:07.960, 85, 18, 982, [N/A], 60, 1410, 5750, P2
2026/06/14 02:03:08.964, 80, 32, 982, [N/A], 59, 1410, 5750, P2
2026/06/14 02:03:09.969, 95, 10, 982, [N/A], 59, 1410, 5750, P2
2026/06/14 02:03:10.973, 89, 5, 982, [N/A], 59, 1410, 5750, P2
2026/06/14 02:03:11.977, 89, 8, 982, [N/A], 60, 1410, 5750, P2
2026/06/14 02:03:12.982, 77, 25, 982, [N/A], 59, 1410, 5750, P2
2026/06/14 02:03:13.986, 94, 21, 982, [N/A], 59, 1410, 5750, P2
2026/06/14 02:03:14.991, 100, 5, 982, [N/A], 59, 1410, 5750, P2
2026/06/14 02:03:15.995, 86, 12, 982, [N/A], 60, 1410, 5750, P2
2026/06/14 02:03:17.000, 79, 16, 982, [N/A], 59, 1410, 5750, P2
