2026/06/14 02:03:55.493, 0, 1, 17, [N/A], 59, 1410, 6000, P0
2026/06/14 02:03:56.498, 0, 1, 72, [N/A], 58, 1410, 5750, P2
2026/06/14 02:03:57.502, 7, 2, 922, [N/A], 58, 1410, 5750, P2
2026/06/14 02:03:58.507, 57, 3, 924, [N/A], 59, 1410, 5750, P2
2026/06/14 02:03:59.511, 100, 5, 924, [N/A], 59, 1410, 5750, P2
2026/06/14 02:04:00.517, 96, 14, 924, [N/A], 60, 1410, 5750, P2
2026/06/14 02:04:01.525, 95, 18, 924, [N/A], 59, 1410, 5750, P2
2026/06/14 02:04:02.529, 98, 6, 924, [N/A], 59, 1410, 5750, P2
2026/06/14 02:04:03.534, 100, 6, 926, [N/A], 59, 1410, 5750, P2
2026/06/14 02:04:04.538, 96, 23, 926, [N/A], 59, 1410, 5750, P2
2026/06/14 02:04:05.542, 95, 17, 926, [N/A], 59, 1410, 5750, P2
2026/06/14 02:04:06.547, 100, 5, 926, [N/A], 58, 1410, 5750, P2
2026/06/14 02:04:07.551, 98, 15, 926, [N/A], 60, 1410, 5750, P2
2026/06/14 02:04:08.555, 96, 28, 926, [N/A], 59, 1410, 5750, P2
2026/06/14 02:04:09.559, 97, 14, 926, [N/A], 58, 1410, 5750, P2
2026/06/14 02:04:10.564, 100, 5, 926, [N/A], 58, 1410, 5750, P2
2026/06/14 02:04:11.568, 98, 14, 926, [N/A], 60, 1410, 5750, P2
2026/06/14 02:04:12.572, 96, 32, 926, [N/A], 60, 1410, 5750, P2
2026/06/14 02:04:13.576, 97, 15, 926, [N/A], 58, 1410, 5750, P2
2026/06/14 02:04:14.581, 100, 5, 926, [N/A], 58, 1410, 5750, P2
2026/06/14 02:04:15.585, 98, 16, 926, [N/A], 59, 1410, 5750, P2
2026/06/14 02:04:16.589, 96, 25, 926, [N/A], 59, 1410, 5750, P2
2026/06/14 02:04:17.594, 97, 14, 926, [N/A], 58, 1410, 5750, P2
2026/06/14 02:04:18.598, 100, 5, 926, [N/A], 58, 1410, 5750, P2
2026/06/14 02:04:19.602, 97, 21, 926, [N/A], 59, 1410, 5750, P2
2026/06/14 02:04:20.607, 96, 26, 926, [N/A], 58, 1410, 5750, P2
2026/06/14 02:04:21.611, 97, 11, 926, [N/A], 58, 1410, 5750, P2
2026/06/14 02:04:22.616, 100, 5, 926, [N/A], 58, 1410, 5750, P2
2026/06/14 02:04:23.620, 97, 15, 926, [N/A], 59, 1410, 5750, P2
2026/06/14 02:04:24.625, 96, 18, 926, [N/A], 58, 1410, 5750, P2
2026/06/14 02:04:25.630, 100, 5, 926, [N/A], 58, 1410, 5750, P2
2026/06/14 02:04:26.634, 97, 15, 926, [N/A], 58, 1410, 5750, P2
2026/06/14 02:04:27.639, 96, 19, 926, [N/A], 58, 1410, 5750, P2
