2026/06/14 02:03:21.731, 0, 1, 17, [N/A], 58, 1410, 6000, P0
2026/06/14 02:03:22.737, 0, 1, 616, [N/A], 58, 1410, 5750, P2
2026/06/14 02:03:23.741, 7, 2, 922, [N/A], 59, 1410, 5750, P2
2026/06/14 02:03:24.745, 20, 2, 924, [N/A], 59, 1410, 5750, P2
2026/06/14 02:03:25.749, 100, 6, 924, [N/A], 59, 1410, 5750, P2
2026/06/14 02:03:26.754, 98, 11, 924, [N/A], 61, 1410, 5750, P2
2026/06/14 02:03:27.758, 96, 38, 924, [N/A], 60, 1410, 5750, P2
2026/06/14 02:03:28.762, 98, 12, 924, [N/A], 60, 1410, 5750, P2
2026/06/14 02:03:29.767, 100, 5, 924, [N/A], 62, 1410, 5750, P2
2026/06/14 02:03:30.771, 96, 34, 924, [N/A], 61, 1410, 5750, P2
2026/06/14 02:03:31.775, 98, 12, 924, [N/A], 60, 1410, 5750, P2
2026/06/14 02:03:32.779, 100, 5, 926, [N/A], 62, 1410, 5750, P2
2026/06/14 02:03:33.784, 97, 32, 926, [N/A], 61, 1410, 5750, P2
2026/06/14 02:03:34.788, 96, 24, 926, [N/A], 61, 1410, 5750, P2
2026/06/14 02:03:35.792, 100, 5, 926, [N/A], 61, 1410, 5750, P2
2026/06/14 02:03:36.796, 100, 7, 926, [N/A], 62, 1410, 5750, P2
2026/06/14 02:03:37.801, 96, 36, 926, [N/A], 62, 1410, 5750, P2
2026/06/14 02:03:38.805, 96, 17, 926, [N/A], 61, 1410, 5750, P2
2026/06/14 02:03:39.810, 100, 5, 926, [N/A], 62, 1410, 5750, P2
2026/06/14 02:03:40.814, 98, 24, 926, [N/A], 63, 1410, 5750, P2
2026/06/14 02:03:41.818, 95, 32, 926, [N/A], 61, 1410, 5750, P2
2026/06/14 02:03:42.823, 100, 6, 926, [N/A], 61, 1410, 5750, P2
2026/06/14 02:03:43.827, 99, 12, 926, [N/A], 62, 1410, 5750, P2
2026/06/14 02:03:44.831, 94, 37, 926, [N/A], 61, 1410, 5750, P2
2026/06/14 02:03:45.835, 100, 6, 926, [N/A], 61, 1410, 5750, P2
2026/06/14 02:03:46.840, 100, 5, 926, [N/A], 62, 1410, 5750, P2
2026/06/14 02:03:47.844, 97, 26, 926, [N/A], 62, 1410, 5750, P2
2026/06/14 02:03:48.848, 95, 29, 926, [N/A], 61, 1410, 5750, P2
2026/06/14 02:03:49.852, 100, 6, 926, [N/A], 61, 1410, 5750, P2
2026/06/14 02:03:50.857, 98, 19, 926, [N/A], 62, 1410, 5750, P2
