2026/06/14 01:41:32.346, 0, 1, 17, [N/A], 49, 1410, 6000, P0
2026/06/14 01:41:33.351, 0, 1, 72, [N/A], 49, 1410, 5750, P2
2026/06/14 01:41:34.356, 0, 1, 72, [N/A], 49, 1410, 5750, P2
2026/06/14 01:41:35.360, 0, 1, 72, [N/A], 49, 1410, 5750, P2
2026/06/14 01:41:36.364, 0, 1, 72, [N/A], 49, 1410, 5750, P2
2026/06/14 01:41:37.368, 0, 1, 72, [N/A], 49, 1410, 5750, P2
2026/06/14 01:41:38.372, 0, 1, 72, [N/A], 49, 1410, 5750, P2
2026/06/14 01:41:39.376, 0, 1, 72, [N/A], 50, 1410, 5750, P2
2026/06/14 01:41:40.380, 0, 1, 72, [N/A], 49, 1410, 5750, P2
2026/06/14 01:41:41.384, 0, 1, 72, [N/A], 49, 1410, 5750, P2
2026/06/14 01:41:42.389, 0, 1, 72, [N/A], 50, 1410, 5750, P2
2026/06/14 01:41:43.394, 0, 1, 1992, [N/A], 50, 1410, 5750, P2
2026/06/14 01:41:44.400, 17, 3, 2706, [N/A], 50, 1410, 5750, P2
2026/06/14 01:41:45.404, 47, 5, 2710, [N/A], 50, 1410, 5750, P2
2026/06/14 01:41:46.408, 100, 4, 2710, [N/A], 51, 1410, 5750, P2
2026/06/14 01:41:47.412, 100, 4, 2710, [N/A], 51, 1410, 5750, P2
2026/06/14 01:41:48.416, 100, 4, 2710, [N/A], 51, 1410, 5750, P2
2026/06/14 01:41:49.421, 100, 4, 2710, [N/A], 51, 1410, 5750, P2
2026/06/14 01:41:50.425, 100, 4, 2710, [N/A], 51, 1410, 5750, P2
2026/06/14 01:41:51.430, 100, 4, 2710, [N/A], 51, 1410, 5750, P2
2026/06/14 01:41:52.434, 99, 13, 2710, [N/A], 54, 1410, 5750, P2
2026/06/14 01:41:53.439, 91, 37, 2710, [N/A], 52, 1410, 5750, P2
2026/06/14 01:41:54.443, 100, 4, 2710, [N/A], 52, 1410, 5750, P2
2026/06/14 01:41:55.447, 100, 4, 2710, [N/A], 52, 1410, 5750, P2
2026/06/14 01:41:56.452, 100, 4, 2710, [N/A], 52, 1410, 5750, P2
2026/06/14 01:41:57.456, 100, 4, 2710, [N/A], 52, 1410, 5750, P2
2026/06/14 01:41:58.461, 100, 4, 2710, [N/A], 52, 1410, 5750, P2
2026/06/14 01:41:59.465, 100, 4, 2712, [N/A], 52, 1410, 5750, P2
2026/06/14 01:42:00.469, 93, 28, 2712, [N/A], 52, 1410, 5750, P2
2026/06/14 01:42:01.474, 99, 4, 2712, [N/A], 52, 1410, 5750, P2
2026/06/14 01:42:02.478, 100, 4, 2712, [N/A], 52, 1410, 5750, P2
2026/06/14 01:42:03.482, 100, 4, 2712, [N/A], 52, 1410, 5750, P2
2026/06/14 01:42:04.487, 100, 4, 2712, [N/A], 52, 1410, 5750, P2
2026/06/14 01:42:05.491, 100, 4, 2712, [N/A], 53, 1410, 5750, P2
2026/06/14 01:42:06.495, 100, 4, 2712, [N/A], 53, 1410, 5750, P2
2026/06/14 01:42:07.500, 100, 4, 2712, [N/A], 53, 1410, 5750, P2
2026/06/14 01:42:08.504, 92, 10, 2712, [N/A], 53, 1410, 5750, P2
2026/06/14 01:42:09.508, 100, 4, 2712, [N/A], 53, 1410, 5750, P2
2026/06/14 01:42:10.513, 100, 4, 2712, [N/A], 53, 1410, 5750, P2
2026/06/14 01:42:11.517, 100, 4, 2712, [N/A], 53, 1410, 5750, P2
2026/06/14 01:42:12.521, 100, 4, 2712, [N/A], 53, 1410, 5750, P2
2026/06/14 01:42:13.525, 100, 4, 2712, [N/A], 53, 1410, 5750, P2
2026/06/14 01:42:14.530, 100, 4, 2712, [N/A], 53, 1410, 5750, P2
2026/06/14 01:42:15.534, 100, 4, 2712, [N/A], 54, 1410, 5750, P2
2026/06/14 01:42:16.538, 100, 14, 2712, [N/A], 56, 1410, 5750, P2
2026/06/14 01:42:17.543, 98, 66, 2712, [N/A], 55, 1410, 5750, P2
2026/06/14 01:42:18.549, 89, 19, 2712, [N/A], 54, 1410, 5750, P2
2026/06/14 01:42:19.554, 100, 4, 2712, [N/A], 54, 1410, 5750, P2
2026/06/14 01:42:20.558, 100, 4, 2712, [N/A], 54, 1410, 5750, P2
2026/06/14 01:42:21.562, 100, 4, 2712, [N/A], 54, 1410, 5750, P2
2026/06/14 01:42:22.567, 100, 4, 2712, [N/A], 54, 1410, 5750, P2
2026/06/14 01:42:23.571, 100, 4, 2712, [N/A], 54, 1410, 5750, P2
2026/06/14 01:42:24.575, 100, 4, 2712, [N/A], 54, 1410, 5750, P2
2026/06/14 01:42:25.579, 100, 8, 2712, [N/A], 55, 1410, 5750, P2
2026/06/14 01:42:26.584, 89, 28, 2712, [N/A], 55, 1410, 5750, P2
2026/06/14 01:42:27.589, 100, 4, 2712, [N/A], 55, 1410, 5750, P2
2026/06/14 01:42:28.594, 100, 4, 2712, [N/A], 55, 1410, 5750, P2
2026/06/14 01:42:29.600, 100, 4, 2712, [N/A], 55, 1410, 5750, P2
2026/06/14 01:42:30.604, 100, 4, 2712, [N/A], 55, 1410, 5750, P2
2026/06/14 01:42:31.608, 100, 4, 2712, [N/A], 55, 1410, 5750, P2
2026/06/14 01:42:32.612, 100, 4, 2712, [N/A], 55, 1410, 5750, P2
2026/06/14 01:42:33.617, 75, 9, 2712, [N/A], 55, 1410, 5750, P2
2026/06/14 01:42:34.621, 99, 4, 2712, [N/A], 55, 1410, 5750, P2
2026/06/14 01:42:35.626, 100, 4, 2712, [N/A], 55, 1410, 5750, P2
2026/06/14 01:42:36.630, 100, 4, 2712, [N/A], 56, 1410, 5750, P2
2026/06/14 01:42:37.635, 100, 4, 2712, [N/A], 56, 1410, 5750, P2
2026/06/14 01:42:38.640, 100, 4, 2712, [N/A], 56, 1410, 5750, P2
2026/06/14 01:42:39.645, 100, 4, 2712, [N/A], 56, 1410, 5750, P2
2026/06/14 01:42:40.649, 100, 4, 2712, [N/A], 56, 1410, 5750, P2
2026/06/14 01:42:41.653, 100, 4, 2712, [N/A], 56, 1410, 5750, P2
2026/06/14 01:42:42.658, 99, 36, 2712, [N/A], 59, 1410, 5750, P2
2026/06/14 01:42:43.662, 98, 66, 2712, [N/A], 59, 1410, 5750, P2
2026/06/14 01:42:44.723, 98, 66, 2712, [N/A], 58, 1410, 5750, P2
2026/06/14 01:42:45.729, 88, 28, 2712, [N/A], 57, 1410, 5750, P2
2026/06/14 01:42:46.735, 100, 4, 2712, [N/A], 57, 1410, 5750, P2
2026/06/14 01:42:47.739, 100, 4, 2712, [N/A], 57, 1410, 5750, P2
2026/06/14 01:42:48.743, 100, 4, 2712, [N/A], 57, 1410, 5750, P2
2026/06/14 01:42:49.748, 100, 4, 2712, [N/A], 57, 1410, 5750, P2
2026/06/14 01:42:50.752, 100, 4, 2712, [N/A], 57, 1410, 5750, P2
