2026/06/13 23:15:33.984, 0, 1, 17, [N/A], 56, 1410, 6000, P0
2026/06/13 23:15:34.990, 0, 1, 17, [N/A], 56, 1410, 6000, P0
2026/06/13 23:15:35.996, 0, 1, 72, [N/A], 56, 1410, 5750, P2
2026/06/13 23:15:37.000, 32, 3, 2438, [N/A], 56, 1410, 5750, P2
2026/06/13 23:15:38.005, 100, 4, 2438, [N/A], 57, 1410, 5750, P2
2026/06/13 23:15:39.010, 100, 4, 2438, [N/A], 57, 1410, 5750, P2
2026/06/13 23:15:40.015, 100, 4, 2438, [N/A], 57, 1410, 5750, P2
2026/06/13 23:15:41.019, 100, 4, 2438, [N/A], 57, 1410, 5750, P2
2026/06/13 23:15:42.024, 100, 4, 2438, [N/A], 57, 1410, 5750, P2
2026/06/13 23:15:43.028, 100, 4, 2438, [N/A], 57, 1410, 5750, P2
2026/06/13 23:15:44.032, 100, 4, 2438, [N/A], 57, 1410, 5750, P2
2026/06/13 23:15:45.037, 98, 4, 2438, [N/A], 57, 1410, 5750, P2
2026/06/13 23:15:46.041, 100, 4, 2438, [N/A], 57, 1410, 5750, P2
2026/06/13 23:15:47.046, 100, 4, 2438, [N/A], 57, 1410, 5750, P2
2026/06/13 23:15:48.050, 100, 4, 2438, [N/A], 57, 1410, 5750, P2
2026/06/13 23:15:49.055, 100, 4, 2438, [N/A], 58, 1410, 5750, P2
2026/06/13 23:15:50.059, 100, 4, 2438, [N/A], 57, 1410, 5750, P2
2026/06/13 23:15:51.063, 100, 4, 2438, [N/A], 58, 1410, 5750, P2
2026/06/13 23:15:52.068, 100, 4, 2438, [N/A], 58, 1410, 5750, P2
2026/06/13 23:15:53.072, 100, 4, 2438, [N/A], 58, 1410, 5750, P2
2026/06/13 23:15:54.077, 100, 4, 2438, [N/A], 58, 1410, 5750, P2
2026/06/13 23:15:55.082, 100, 4, 2438, [N/A], 58, 1410, 5750, P2
2026/06/13 23:15:56.087, 100, 4, 2438, [N/A], 58, 1410, 5750, P2
2026/06/13 23:15:57.093, 100, 4, 2438, [N/A], 58, 1410, 5750, P2
2026/06/13 23:15:58.097, 100, 4, 2438, [N/A], 58, 1410, 5750, P2
2026/06/13 23:15:59.102, 100, 4, 2438, [N/A], 58, 1410, 5750, P2
2026/06/13 23:16:00.106, 100, 4, 2438, [N/A], 58, 1410, 5750, P2
2026/06/13 23:16:01.110, 100, 4, 2438, [N/A], 58, 1410, 5750, P2
2026/06/13 23:16:02.115, 100, 4, 2438, [N/A], 58, 1410, 5750, P2
2026/06/13 23:16:03.119, 100, 4, 2438, [N/A], 58, 1410, 5750, P2
2026/06/13 23:16:04.124, 100, 4, 2438, [N/A], 59, 1410, 5750, P2
2026/06/13 23:16:05.128, 100, 4, 2438, [N/A], 59, 1410, 5750, P2
2026/06/13 23:16:06.133, 100, 3, 2438, [N/A], 59, 1410, 5750, P2
2026/06/13 23:16:07.137, 100, 4, 2438, [N/A], 59, 1410, 5750, P2
2026/06/13 23:16:08.142, 100, 4, 2438, [N/A], 59, 1410, 5750, P2
2026/06/13 23:16:09.146, 100, 3, 2438, [N/A], 59, 1410, 5750, P2
2026/06/13 23:16:10.151, 100, 4, 2438, [N/A], 59, 1410, 5750, P2
2026/06/13 23:16:11.155, 100, 3, 2438, [N/A], 59, 1410, 5750, P2
2026/06/13 23:16:12.159, 100, 3, 2438, [N/A], 59, 1410, 5750, P2
2026/06/13 23:16:13.164, 100, 4, 2438, [N/A], 59, 1410, 5750, P2
2026/06/13 23:16:14.169, 100, 3, 2438, [N/A], 59, 1410, 5750, P2
2026/06/13 23:16:15.175, 100, 3, 2438, [N/A], 59, 1410, 5750, P2
2026/06/13 23:16:16.179, 100, 3, 2438, [N/A], 59, 1410, 5750, P2
2026/06/13 23:16:17.184, 100, 3, 2438, [N/A], 59, 1410, 5750, P2
2026/06/13 23:16:18.188, 100, 3, 2438, [N/A], 59, 1410, 5750, P2
2026/06/13 23:16:19.192, 100, 3, 2438, [N/A], 60, 1410, 5750, P2
2026/06/13 23:16:20.196, 100, 3, 2438, [N/A], 60, 1410, 5750, P2
2026/06/13 23:16:21.201, 100, 4, 2438, [N/A], 60, 1410, 5750, P2
2026/06/13 23:16:22.205, 100, 4, 2438, [N/A], 60, 1410, 5750, P2
2026/06/13 23:16:23.209, 100, 4, 2438, [N/A], 60, 1410, 5750, P2
2026/06/13 23:16:24.213, 100, 4, 2438, [N/A], 60, 1410, 5750, P2
2026/06/13 23:16:25.218, 100, 4, 2438, [N/A], 60, 1410, 5750, P2
2026/06/13 23:16:26.222, 100, 4, 2438, [N/A], 60, 1410, 5750, P2
2026/06/13 23:16:27.226, 100, 4, 2438, [N/A], 60, 1410, 5750, P2
2026/06/13 23:16:28.231, 100, 4, 2438, [N/A], 60, 1410, 5750, P2
2026/06/13 23:16:29.235, 100, 4, 2438, [N/A], 60, 1410, 5750, P2
2026/06/13 23:16:30.240, 100, 4, 2438, [N/A], 60, 1410, 5750, P2
2026/06/13 23:16:31.244, 100, 4, 2438, [N/A], 60, 1410, 5750, P2
2026/06/13 23:16:32.248, 100, 4, 2438, [N/A], 60, 1410, 5750, P2
2026/06/13 23:16:33.252, 100, 4, 2438, [N/A], 60, 1410, 5750, P2
2026/06/13 23:16:34.257, 100, 4, 2438, [N/A], 60, 1410, 5750, P2
2026/06/13 23:16:35.261, 100, 4, 2438, [N/A], 61, 1410, 5750, P2
2026/06/13 23:16:36.266, 100, 4, 2438, [N/A], 61, 1410, 5750, P2
2026/06/13 23:16:37.270, 100, 4, 2438, [N/A], 61, 1410, 5750, P2
2026/06/13 23:16:38.274, 100, 4, 2438, [N/A], 61, 1410, 5750, P2
2026/06/13 23:16:39.279, 100, 4, 2438, [N/A], 61, 1410, 5750, P2
2026/06/13 23:16:40.283, 100, 4, 2438, [N/A], 61, 1410, 5750, P2
2026/06/13 23:16:41.287, 100, 4, 2438, [N/A], 61, 1410, 5750, P2
2026/06/13 23:16:42.292, 100, 4, 2438, [N/A], 61, 1410, 5750, P2
2026/06/13 23:16:43.296, 100, 4, 2438, [N/A], 61, 1410, 5750, P2
2026/06/13 23:16:44.301, 100, 4, 2438, [N/A], 61, 1410, 5750, P2
2026/06/13 23:16:45.306, 100, 4, 2438, [N/A], 61, 1410, 5750, P2
2026/06/13 23:16:46.310, 100, 4, 2438, [N/A], 61, 1410, 5750, P2
2026/06/13 23:16:47.314, 100, 4, 2438, [N/A], 61, 1410, 5750, P2
2026/06/13 23:16:48.319, 100, 3, 2438, [N/A], 61, 1410, 5750, P2
2026/06/13 23:16:49.324, 100, 3, 2438, [N/A], 61, 1410, 5750, P2
2026/06/13 23:16:50.329, 100, 4, 2438, [N/A], 61, 1410, 5750, P2
2026/06/13 23:16:51.333, 100, 3, 2438, [N/A], 62, 1410, 5750, P2
2026/06/13 23:16:52.338, 100, 3, 2438, [N/A], 62, 1410, 5750, P2
2026/06/13 23:16:53.342, 100, 3, 2438, [N/A], 62, 1410, 5750, P2
2026/06/13 23:16:54.346, 100, 3, 2438, [N/A], 62, 1410, 5750, P2
2026/06/13 23:16:55.350, 100, 3, 2438, [N/A], 62, 1410, 5750, P2
2026/06/13 23:16:56.355, 100, 3, 2438, [N/A], 62, 1410, 5750, P2
2026/06/13 23:16:57.359, 100, 3, 2438, [N/A], 61, 1410, 5750, P2
2026/06/13 23:16:58.363, 100, 3, 2438, [N/A], 62, 1410, 5750, P2
2026/06/13 23:16:59.367, 100, 3, 2438, [N/A], 61, 1410, 5750, P2
2026/06/13 23:17:00.372, 100, 3, 2438, [N/A], 61, 1410, 5750, P2
2026/06/13 23:17:01.376, 100, 3, 2438, [N/A], 61, 1410, 5750, P2
2026/06/13 23:17:02.380, 100, 3, 2438, [N/A], 61, 1410, 5750, P2
2026/06/13 23:17:03.385, 100, 3, 2438, [N/A], 61, 1410, 5750, P2
2026/06/13 23:17:04.389, 99, 4, 2438, [N/A], 61, 1410, 5750, P2
2026/06/13 23:17:05.394, 100, 4, 2438, [N/A], 61, 1410, 5750, P2
2026/06/13 23:17:06.399, 100, 4, 2438, [N/A], 61, 1410, 5750, P2
2026/06/13 23:17:07.403, 100, 4, 2438, [N/A], 60, 1410, 5750, P2
2026/06/13 23:17:08.407, 100, 4, 2438, [N/A], 60, 1410, 5750, P2
2026/06/13 23:17:09.411, 100, 4, 2438, [N/A], 60, 1410, 5750, P2
2026/06/13 23:17:10.416, 100, 4, 2438, [N/A], 60, 1410, 5750, P2
2026/06/13 23:17:11.420, 100, 4, 2438, [N/A], 60, 1410, 5750, P2
2026/06/13 23:17:12.425, 100, 4, 2438, [N/A], 60, 1410, 5750, P2
2026/06/13 23:17:13.431, 100, 4, 2438, [N/A], 60, 1410, 5750, P2
2026/06/13 23:17:14.436, 100, 4, 2438, [N/A], 60, 1410, 5750, P2
2026/06/13 23:17:15.440, 100, 4, 2438, [N/A], 59, 1410, 5750, P2
2026/06/13 23:17:16.444, 100, 4, 2438, [N/A], 59, 1410, 5750, P2
2026/06/13 23:17:17.448, 100, 4, 2438, [N/A], 59, 1410, 5750, P2
2026/06/13 23:17:18.453, 100, 4, 2438, [N/A], 59, 1410, 5750, P2
2026/06/13 23:17:19.457, 100, 4, 2438, [N/A], 59, 1410, 5750, P2
2026/06/13 23:17:20.461, 100, 4, 2438, [N/A], 59, 1410, 5750, P2
2026/06/13 23:17:21.466, 100, 4, 2438, [N/A], 59, 1410, 5750, P2
2026/06/13 23:17:22.470, 100, 4, 2438, [N/A], 59, 1410, 5750, P2
2026/06/13 23:17:23.475, 100, 4, 2438, [N/A], 59, 1410, 5750, P2
2026/06/13 23:17:24.479, 100, 4, 2438, [N/A], 58, 1410, 5750, P2
2026/06/13 23:17:25.483, 100, 4, 2438, [N/A], 59, 1410, 5750, P2
2026/06/13 23:17:26.488, 100, 4, 2438, [N/A], 58, 1410, 5750, P2
2026/06/13 23:17:27.492, 100, 4, 2438, [N/A], 58, 1410, 5750, P2
2026/06/13 23:17:28.496, 100, 4, 2438, [N/A], 58, 1410, 5750, P2
2026/06/13 23:17:29.501, 100, 4, 2438, [N/A], 58, 1410, 5750, P2
2026/06/13 23:17:30.505, 100, 4, 2438, [N/A], 58, 1410, 5750, P2
2026/06/13 23:17:31.510, 100, 4, 2438, [N/A], 58, 1410, 5750, P2
2026/06/13 23:17:32.514, 100, 4, 2438, [N/A], 58, 1410, 5750, P2
2026/06/13 23:17:33.518, 100, 4, 2438, [N/A], 58, 1410, 5750, P2
2026/06/13 23:17:34.523, 100, 4, 2438, [N/A], 58, 1410, 5750, P2
2026/06/13 23:17:35.527, 100, 3, 2438, [N/A], 58, 1410, 5750, P2
2026/06/13 23:17:36.531, 100, 4, 2438, [N/A], 57, 1410, 5750, P2
2026/06/13 23:17:37.537, 100, 3, 2438, [N/A], 57, 1410, 5750, P2
2026/06/13 23:17:38.542, 100, 4, 2438, [N/A], 57, 1410, 5750, P2
2026/06/13 23:17:39.546, 100, 3, 2438, [N/A], 57, 1410, 5750, P2
2026/06/13 23:17:40.551, 100, 3, 2438, [N/A], 57, 1410, 5750, P2
2026/06/13 23:17:41.555, 100, 3, 2438, [N/A], 57, 1410, 5750, P2
2026/06/13 23:17:42.560, 100, 3, 2438, [N/A], 57, 1410, 5750, P2
2026/06/13 23:17:43.565, 100, 3, 2438, [N/A], 57, 1410, 5750, P2
2026/06/13 23:17:44.569, 100, 3, 2438, [N/A], 57, 1410, 5750, P2
2026/06/13 23:17:45.573, 100, 3, 2438, [N/A], 57, 1410, 5750, P2
2026/06/13 23:17:46.578, 100, 3, 2438, [N/A], 57, 1410, 5750, P2
2026/06/13 23:17:47.582, 100, 3, 2438, [N/A], 57, 1410, 5750, P2
2026/06/13 23:17:48.586, 99, 4, 2438, [N/A], 57, 1410, 5750, P2
2026/06/13 23:17:49.591, 100, 4, 2438, [N/A], 57, 1410, 5750, P2
2026/06/13 23:17:50.595, 100, 4, 2438, [N/A], 57, 1410, 5750, P2
2026/06/13 23:17:51.599, 100, 4, 2438, [N/A], 57, 1410, 5750, P2
2026/06/13 23:17:52.604, 100, 4, 2438, [N/A], 57, 1410, 5750, P2
2026/06/13 23:17:53.609, 100, 4, 2438, [N/A], 57, 1410, 5750, P2
2026/06/13 23:17:54.613, 100, 4, 2438, [N/A], 57, 1410, 5750, P2
2026/06/13 23:17:55.618, 100, 4, 2438, [N/A], 57, 1410, 5750, P2
2026/06/13 23:17:56.628, 100, 4, 2438, [N/A], 57, 1410, 5750, P2
2026/06/13 23:17:57.632, 100, 4, 2438, [N/A], 57, 1410, 5750, P2
2026/06/13 23:17:58.637, 100, 4, 2438, [N/A], 57, 1410, 5750, P2
2026/06/13 23:17:59.641, 100, 4, 2438, [N/A], 57, 1410, 5750, P2
2026/06/13 23:18:00.645, 100, 4, 2438, [N/A], 57, 1410, 5750, P2
2026/06/13 23:18:01.650, 100, 4, 2438, [N/A], 58, 1410, 5750, P2
2026/06/13 23:18:02.655, 100, 4, 2438, [N/A], 58, 1410, 5750, P2
2026/06/13 23:18:03.659, 100, 4, 2438, [N/A], 58, 1410, 5750, P2
2026/06/13 23:18:04.664, 100, 4, 2438, [N/A], 58, 1410, 5750, P2
2026/06/13 23:18:05.669, 100, 4, 2438, [N/A], 58, 1410, 5750, P2
2026/06/13 23:18:06.673, 100, 4, 2438, [N/A], 58, 1410, 5750, P2
2026/06/13 23:18:07.678, 100, 4, 2438, [N/A], 58, 1410, 5750, P2
2026/06/13 23:18:08.682, 100, 4, 2438, [N/A], 58, 1410, 5750, P2
2026/06/13 23:18:09.686, 100, 4, 2438, [N/A], 58, 1410, 5750, P2
2026/06/13 23:18:10.690, 100, 4, 2438, [N/A], 58, 1410, 5750, P2
2026/06/13 23:18:11.695, 100, 4, 2438, [N/A], 58, 1410, 5750, P2
2026/06/13 23:18:12.699, 100, 4, 2438, [N/A], 58, 1410, 5750, P2
2026/06/13 23:18:13.704, 100, 4, 2438, [N/A], 58, 1410, 5750, P2
2026/06/13 23:18:14.709, 100, 4, 2438, [N/A], 59, 1410, 5750, P2
2026/06/13 23:18:15.714, 100, 4, 2438, [N/A], 59, 1410, 5750, P2
2026/06/13 23:18:16.718, 100, 4, 2438, [N/A], 58, 1410, 5750, P2
2026/06/13 23:18:17.722, 100, 4, 2438, [N/A], 59, 1410, 5750, P2
2026/06/13 23:18:18.727, 100, 3, 2438, [N/A], 59, 1410, 5750, P2
2026/06/13 23:18:19.731, 100, 3, 2438, [N/A], 59, 1410, 5750, P2
2026/06/13 23:18:20.735, 100, 3, 2438, [N/A], 59, 1410, 5750, P2
2026/06/13 23:18:21.740, 100, 4, 2438, [N/A], 59, 1410, 5750, P2
2026/06/13 23:18:22.744, 100, 3, 2438, [N/A], 59, 1410, 5750, P2
2026/06/13 23:18:23.748, 100, 3, 2438, [N/A], 59, 1410, 5750, P2
2026/06/13 23:18:24.753, 100, 3, 2438, [N/A], 59, 1410, 5750, P2
2026/06/13 23:18:25.757, 100, 3, 2438, [N/A], 59, 1410, 5750, P2
2026/06/13 23:18:26.762, 100, 3, 2438, [N/A], 59, 1410, 5750, P2
2026/06/13 23:18:27.766, 100, 3, 2438, [N/A], 59, 1410, 5750, P2
2026/06/13 23:18:28.770, 100, 3, 2438, [N/A], 59, 1410, 5750, P2
2026/06/13 23:18:29.774, 100, 3, 2438, [N/A], 59, 1410, 5750, P2
2026/06/13 23:18:30.779, 100, 3, 2438, [N/A], 60, 1410, 5750, P2
2026/06/13 23:18:31.783, 99, 4, 2438, [N/A], 60, 1410, 5750, P2
2026/06/13 23:18:32.787, 100, 4, 2438, [N/A], 60, 1410, 5750, P2
2026/06/13 23:18:33.792, 100, 4, 2438, [N/A], 60, 1410, 5750, P2
2026/06/13 23:18:34.796, 100, 4, 2438, [N/A], 60, 1410, 5750, P2
2026/06/13 23:18:35.800, 100, 4, 2438, [N/A], 60, 1410, 5750, P2
2026/06/13 23:18:36.804, 100, 4, 2438, [N/A], 60, 1410, 5750, P2
2026/06/13 23:18:37.809, 100, 4, 2438, [N/A], 60, 1410, 5750, P2
2026/06/13 23:18:38.813, 100, 4, 2438, [N/A], 60, 1410, 5750, P2
2026/06/13 23:18:39.818, 100, 4, 2438, [N/A], 60, 1410, 5750, P2
2026/06/13 23:18:40.822, 100, 4, 2438, [N/A], 60, 1410, 5750, P2
2026/06/13 23:18:41.827, 100, 4, 2438, [N/A], 61, 1410, 5750, P2
2026/06/13 23:18:42.833, 100, 4, 2438, [N/A], 61, 1410, 5750, P2
2026/06/13 23:18:43.837, 100, 4, 2438, [N/A], 61, 1410, 5750, P2
2026/06/13 23:18:44.842, 100, 4, 2438, [N/A], 61, 1410, 5750, P2
2026/06/13 23:18:45.846, 100, 4, 2438, [N/A], 61, 1410, 5750, P2
2026/06/13 23:18:46.851, 100, 4, 2438, [N/A], 61, 1410, 5750, P2
2026/06/13 23:18:47.855, 100, 4, 2438, [N/A], 61, 1410, 5750, P2
2026/06/13 23:18:48.859, 100, 4, 2438, [N/A], 61, 1410, 5750, P2
2026/06/13 23:18:49.863, 100, 4, 2438, [N/A], 61, 1410, 5750, P2
2026/06/13 23:18:50.868, 100, 4, 2438, [N/A], 61, 1410, 5750, P2
2026/06/13 23:18:51.872, 100, 4, 2438, [N/A], 61, 1410, 5750, P2
2026/06/13 23:18:52.876, 100, 4, 2438, [N/A], 61, 1410, 5750, P2
2026/06/13 23:18:53.880, 100, 4, 2438, [N/A], 61, 1410, 5750, P2
2026/06/13 23:18:54.885, 100, 4, 2438, [N/A], 61, 1410, 5750, P2
2026/06/13 23:18:55.889, 100, 4, 2438, [N/A], 61, 1410, 5750, P2
2026/06/13 23:18:56.893, 100, 4, 2438, [N/A], 61, 1410, 5750, P2
2026/06/13 23:18:57.898, 100, 4, 2438, [N/A], 61, 1410, 5750, P2
2026/06/13 23:18:58.902, 100, 3, 2438, [N/A], 61, 1410, 5750, P2
2026/06/13 23:18:59.906, 100, 4, 2438, [N/A], 61, 1410, 5750, P2
2026/06/13 23:19:00.910, 100, 3, 2438, [N/A], 61, 1410, 5750, P2
2026/06/13 23:19:01.915, 100, 4, 2438, [N/A], 61, 1410, 5750, P2
2026/06/13 23:19:02.920, 100, 3, 2438, [N/A], 61, 1410, 5750, P2
2026/06/13 23:19:03.926, 100, 3, 2438, [N/A], 61, 1410, 5750, P2
2026/06/13 23:19:04.930, 100, 3, 2438, [N/A], 61, 1410, 5750, P2
2026/06/13 23:19:05.934, 100, 3, 2438, [N/A], 61, 1410, 5750, P2
2026/06/13 23:19:06.939, 100, 3, 2438, [N/A], 61, 1410, 5750, P2
2026/06/13 23:19:07.943, 100, 4, 2438, [N/A], 61, 1410, 5750, P2
2026/06/13 23:19:08.947, 100, 3, 2438, [N/A], 61, 1410, 5750, P2
2026/06/13 23:19:09.951, 100, 3, 2438, [N/A], 61, 1410, 5750, P2
2026/06/13 23:19:10.956, 100, 3, 2438, [N/A], 61, 1410, 5750, P2
2026/06/13 23:19:11.960, 100, 3, 2438, [N/A], 61, 1410, 5750, P2
2026/06/13 23:19:12.964, 100, 3, 2438, [N/A], 60, 1410, 5750, P2
2026/06/13 23:19:13.968, 100, 3, 2438, [N/A], 60, 1410, 5750, P2
2026/06/13 23:19:14.972, 100, 3, 2438, [N/A], 60, 1410, 5750, P2
2026/06/13 23:19:15.977, 99, 4, 2438, [N/A], 60, 1410, 5750, P2
2026/06/13 23:19:16.981, 100, 4, 2438, [N/A], 60, 1410, 5750, P2
2026/06/13 23:19:17.985, 100, 4, 2438, [N/A], 60, 1410, 5750, P2
2026/06/13 23:19:18.989, 100, 4, 2438, [N/A], 60, 1410, 5750, P2
2026/06/13 23:19:19.993, 100, 4, 2438, [N/A], 59, 1410, 5750, P2
2026/06/13 23:19:20.998, 100, 4, 2438, [N/A], 60, 1410, 5750, P2
2026/06/13 23:19:22.002, 100, 4, 2438, [N/A], 59, 1410, 5750, P2
2026/06/13 23:19:23.006, 100, 4, 2438, [N/A], 59, 1410, 5750, P2
2026/06/13 23:19:24.011, 100, 4, 2438, [N/A], 59, 1410, 5750, P2
2026/06/13 23:19:25.016, 100, 4, 2438, [N/A], 59, 1410, 5750, P2
2026/06/13 23:19:26.021, 100, 4, 2438, [N/A], 59, 1410, 5750, P2
2026/06/13 23:19:27.026, 100, 4, 2438, [N/A], 59, 1410, 5750, P2
2026/06/13 23:19:28.031, 100, 4, 2438, [N/A], 59, 1410, 5750, P2
2026/06/13 23:19:29.036, 100, 4, 2438, [N/A], 59, 1410, 5750, P2
2026/06/13 23:19:30.040, 100, 4, 2438, [N/A], 59, 1410, 5750, P2
2026/06/13 23:19:31.044, 100, 4, 2438, [N/A], 58, 1410, 5750, P2
2026/06/13 23:19:32.049, 100, 4, 2438, [N/A], 58, 1410, 5750, P2
2026/06/13 23:19:33.053, 100, 4, 2438, [N/A], 58, 1410, 5750, P2
2026/06/13 23:19:34.057, 100, 4, 2438, [N/A], 58, 1410, 5750, P2
2026/06/13 23:19:35.062, 100, 4, 2438, [N/A], 58, 1410, 5750, P2
2026/06/13 23:19:36.066, 100, 4, 2438, [N/A], 58, 1410, 5750, P2
2026/06/13 23:19:37.070, 100, 4, 2438, [N/A], 58, 1410, 5750, P2
2026/06/13 23:19:38.074, 100, 4, 2438, [N/A], 58, 1410, 5750, P2
2026/06/13 23:19:39.078, 100, 4, 2438, [N/A], 58, 1410, 5750, P2
2026/06/13 23:19:40.082, 100, 4, 2438, [N/A], 58, 1410, 5750, P2
2026/06/13 23:19:41.087, 100, 4, 2438, [N/A], 58, 1410, 5750, P2
2026/06/13 23:19:42.091, 100, 4, 2438, [N/A], 57, 1410, 5750, P2
2026/06/13 23:19:43.095, 100, 4, 2438, [N/A], 57, 1410, 5750, P2
2026/06/13 23:19:44.099, 100, 3, 2438, [N/A], 58, 1410, 5750, P2
2026/06/13 23:19:45.103, 100, 4, 2438, [N/A], 57, 1410, 5750, P2
2026/06/13 23:19:46.107, 100, 4, 2438, [N/A], 57, 1410, 5750, P2
2026/06/13 23:19:47.111, 100, 3, 2438, [N/A], 57, 1410, 5750, P2
2026/06/13 23:19:48.116, 100, 4, 2438, [N/A], 57, 1410, 5750, P2
2026/06/13 23:19:49.120, 100, 3, 2438, [N/A], 57, 1410, 5750, P2
2026/06/13 23:19:50.124, 100, 3, 2438, [N/A], 57, 1410, 5750, P2
2026/06/13 23:19:51.128, 100, 4, 2438, [N/A], 57, 1410, 5750, P2
2026/06/13 23:19:52.133, 100, 3, 2438, [N/A], 57, 1410, 5750, P2
2026/06/13 23:19:53.137, 100, 3, 2438, [N/A], 57, 1410, 5750, P2
2026/06/13 23:19:54.141, 100, 3, 2438, [N/A], 57, 1410, 5750, P2
2026/06/13 23:19:55.146, 100, 3, 2438, [N/A], 57, 1410, 5750, P2
2026/06/13 23:19:56.152, 100, 3, 2438, [N/A], 58, 1410, 5750, P2
2026/06/13 23:19:57.156, 100, 3, 2438, [N/A], 58, 1410, 5750, P2
2026/06/13 23:19:58.161, 100, 3, 78, [N/A], 57, 1410, 5750, P2
