2026/06/13 23:19:59.615, 0, 1, 17, [N/A], 57, 1410, 6000, P0
2026/06/13 23:20:00.620, 0, 1, 17, [N/A], 57, 1410, 6000, P0
2026/06/13 23:20:01.625, 0, 1, 1196, [N/A], 57, 1410, 5750, P2
2026/06/13 23:20:02.629, 30, 2, 1762, [N/A], 58, 1410, 5750, P2
2026/06/13 23:20:03.633, 100, 4, 1762, [N/A], 58, 1410, 5750, P2
2026/06/13 23:20:04.638, 100, 4, 1762, [N/A], 58, 1410, 5750, P2
2026/06/13 23:20:05.642, 100, 4, 1762, [N/A], 58, 1410, 5750, P2
2026/06/13 23:20:06.646, 100, 4, 1764, [N/A], 58, 1410, 5750, P2
2026/06/13 23:20:07.651, 100, 4, 1764, [N/A], 58, 1410, 5750, P2
2026/06/13 23:20:08.655, 100, 4, 1766, [N/A], 59, 1410, 5750, P2
2026/06/13 23:20:09.659, 100, 4, 1766, [N/A], 59, 1410, 5750, P2
2026/06/13 23:20:10.664, 98, 4, 1768, [N/A], 59, 1410, 5750, P2
2026/06/13 23:20:11.669, 100, 4, 1768, [N/A], 59, 1410, 5750, P2
2026/06/13 23:20:12.674, 100, 4, 1770, [N/A], 59, 1410, 5750, P2
2026/06/13 23:20:13.680, 100, 4, 1770, [N/A], 59, 1410, 5750, P2
2026/06/13 23:20:14.684, 100, 4, 1770, [N/A], 59, 1410, 5750, P2
2026/06/13 23:20:15.688, 100, 4, 1772, [N/A], 59, 1410, 5750, P2
2026/06/13 23:20:16.693, 100, 4, 1772, [N/A], 59, 1410, 5750, P2
2026/06/13 23:20:17.697, 100, 4, 1774, [N/A], 59, 1410, 5750, P2
2026/06/13 23:20:18.702, 100, 4, 1774, [N/A], 59, 1410, 5750, P2
2026/06/13 23:20:19.706, 100, 4, 1774, [N/A], 59, 1410, 5750, P2
2026/06/13 23:20:20.710, 100, 4, 1776, [N/A], 59, 1410, 5750, P2
2026/06/13 23:20:21.715, 100, 4, 1776, [N/A], 59, 1410, 5750, P2
2026/06/13 23:20:22.719, 100, 4, 1776, [N/A], 59, 1410, 5750, P2
2026/06/13 23:20:23.723, 100, 4, 1778, [N/A], 59, 1410, 5750, P2
2026/06/13 23:20:24.727, 100, 4, 1778, [N/A], 60, 1410, 5750, P2
2026/06/13 23:20:25.731, 100, 4, 1778, [N/A], 60, 1410, 5750, P2
2026/06/13 23:20:26.736, 100, 4, 1780, [N/A], 60, 1410, 5750, P2
2026/06/13 23:20:27.740, 100, 4, 1780, [N/A], 60, 1410, 5750, P2
2026/06/13 23:20:28.744, 100, 4, 1780, [N/A], 60, 1410, 5750, P2
2026/06/13 23:20:29.748, 100, 4, 1782, [N/A], 60, 1410, 5750, P2
2026/06/13 23:20:30.752, 100, 4, 1782, [N/A], 60, 1410, 5750, P2
2026/06/13 23:20:31.757, 100, 4, 1782, [N/A], 60, 1410, 5750, P2
2026/06/13 23:20:32.761, 100, 4, 1784, [N/A], 60, 1410, 5750, P2
2026/06/13 23:20:33.766, 100, 4, 1784, [N/A], 60, 1410, 5750, P2
2026/06/13 23:20:34.771, 100, 4, 1784, [N/A], 60, 1410, 5750, P2
2026/06/13 23:20:35.775, 100, 4, 1786, [N/A], 60, 1410, 5750, P2
2026/06/13 23:20:36.781, 100, 4, 1786, [N/A], 60, 1410, 5750, P2
2026/06/13 23:20:37.786, 100, 4, 1786, [N/A], 60, 1410, 5750, P2
2026/06/13 23:20:38.790, 100, 4, 1786, [N/A], 60, 1410, 5750, P2
2026/06/13 23:20:39.795, 100, 4, 1788, [N/A], 61, 1410, 5750, P2
2026/06/13 23:20:40.799, 100, 4, 1788, [N/A], 61, 1410, 5750, P2
2026/06/13 23:20:41.803, 100, 4, 1788, [N/A], 61, 1410, 5750, P2
2026/06/13 23:20:42.807, 100, 4, 1790, [N/A], 61, 1410, 5750, P2
2026/06/13 23:20:43.812, 100, 4, 1790, [N/A], 61, 1410, 5750, P2
2026/06/13 23:20:44.816, 100, 4, 1790, [N/A], 61, 1410, 5750, P2
2026/06/13 23:20:45.820, 100, 4, 1790, [N/A], 61, 1410, 5750, P2
2026/06/13 23:20:46.824, 99, 4, 1790, [N/A], 61, 1410, 5750, P2
2026/06/13 23:20:47.828, 100, 4, 1790, [N/A], 61, 1410, 5750, P2
2026/06/13 23:20:48.833, 100, 5, 1790, [N/A], 61, 1410, 5750, P2
2026/06/13 23:20:49.837, 100, 4, 1790, [N/A], 61, 1410, 5750, P2
2026/06/13 23:20:50.841, 100, 4, 1790, [N/A], 61, 1410, 5750, P2
2026/06/13 23:20:51.845, 100, 4, 1790, [N/A], 61, 1410, 5750, P2
2026/06/13 23:20:52.849, 100, 4, 1790, [N/A], 61, 1410, 5750, P2
2026/06/13 23:20:53.854, 100, 4, 1790, [N/A], 61, 1410, 5750, P2
2026/06/13 23:20:54.858, 100, 4, 1790, [N/A], 61, 1410, 5750, P2
2026/06/13 23:20:55.862, 100, 4, 1790, [N/A], 61, 1410, 5750, P2
2026/06/13 23:20:56.867, 100, 4, 1790, [N/A], 61, 1410, 5750, P2
2026/06/13 23:20:57.871, 100, 4, 1790, [N/A], 61, 1410, 5750, P2
2026/06/13 23:20:58.876, 100, 4, 1790, [N/A], 61, 1410, 5750, P2
2026/06/13 23:20:59.880, 100, 4, 1790, [N/A], 61, 1410, 5750, P2
2026/06/13 23:21:00.884, 100, 4, 1790, [N/A], 61, 1410, 5750, P2
2026/06/13 23:21:01.888, 100, 4, 1790, [N/A], 61, 1410, 5750, P2
2026/06/13 23:21:02.892, 100, 4, 1790, [N/A], 61, 1410, 5750, P2
2026/06/13 23:21:03.897, 100, 4, 1790, [N/A], 61, 1410, 5750, P2
2026/06/13 23:21:04.901, 100, 4, 1790, [N/A], 61, 1410, 5750, P2
2026/06/13 23:21:05.905, 100, 4, 1790, [N/A], 60, 1410, 5750, P2
2026/06/13 23:21:06.910, 100, 4, 1790, [N/A], 61, 1410, 5750, P2
2026/06/13 23:21:07.916, 100, 4, 1790, [N/A], 60, 1410, 5750, P2
2026/06/13 23:21:08.921, 100, 4, 1790, [N/A], 60, 1410, 5750, P2
2026/06/13 23:21:09.926, 100, 4, 1790, [N/A], 60, 1410, 5750, P2
2026/06/13 23:21:10.930, 100, 4, 1790, [N/A], 60, 1410, 5750, P2
2026/06/13 23:21:11.935, 100, 4, 1790, [N/A], 60, 1410, 5750, P2
2026/06/13 23:21:12.939, 100, 4, 1790, [N/A], 60, 1410, 5750, P2
2026/06/13 23:21:13.943, 100, 4, 1790, [N/A], 60, 1410, 5750, P2
2026/06/13 23:21:14.948, 100, 4, 1790, [N/A], 60, 1410, 5750, P2
2026/06/13 23:21:15.952, 100, 4, 1790, [N/A], 59, 1410, 5750, P2
2026/06/13 23:21:16.957, 100, 4, 1790, [N/A], 59, 1410, 5750, P2
2026/06/13 23:21:17.961, 100, 4, 1790, [N/A], 59, 1410, 5750, P2
2026/06/13 23:21:18.966, 100, 4, 1790, [N/A], 59, 1410, 5750, P2
2026/06/13 23:21:19.970, 100, 4, 1790, [N/A], 59, 1410, 5750, P2
2026/06/13 23:21:20.974, 100, 4, 1790, [N/A], 59, 1410, 5750, P2
2026/06/13 23:21:21.979, 100, 4, 1790, [N/A], 59, 1410, 5750, P2
2026/06/13 23:21:22.983, 100, 4, 1790, [N/A], 59, 1410, 5750, P2
2026/06/13 23:21:23.987, 100, 4, 1790, [N/A], 59, 1410, 5750, P2
2026/06/13 23:21:24.997, 100, 4, 1790, [N/A], 59, 1410, 5750, P2
2026/06/13 23:21:26.003, 100, 4, 1790, [N/A], 58, 1410, 5750, P2
2026/06/13 23:21:27.008, 100, 4, 1790, [N/A], 58, 1410, 5750, P2
2026/06/13 23:21:28.012, 100, 4, 1790, [N/A], 58, 1410, 5750, P2
2026/06/13 23:21:29.018, 100, 4, 1790, [N/A], 58, 1410, 5750, P2
2026/06/13 23:21:30.022, 100, 4, 1790, [N/A], 58, 1410, 5750, P2
2026/06/13 23:21:31.027, 100, 4, 1790, [N/A], 58, 1410, 5750, P2
2026/06/13 23:21:32.031, 100, 5, 1790, [N/A], 58, 1410, 5750, P2
2026/06/13 23:21:33.036, 100, 4, 1790, [N/A], 58, 1410, 5750, P2
2026/06/13 23:21:34.041, 100, 4, 1790, [N/A], 58, 1410, 5750, P2
2026/06/13 23:21:35.045, 100, 4, 1790, [N/A], 58, 1410, 5750, P2
2026/06/13 23:21:36.050, 100, 4, 1790, [N/A], 58, 1410, 5750, P2
2026/06/13 23:21:37.054, 100, 4, 1790, [N/A], 58, 1410, 5750, P2
2026/06/13 23:21:38.058, 100, 4, 1790, [N/A], 58, 1410, 5750, P2
2026/06/13 23:21:39.063, 100, 4, 1790, [N/A], 58, 1410, 5750, P2
2026/06/13 23:21:40.068, 100, 4, 1790, [N/A], 58, 1410, 5750, P2
2026/06/13 23:21:41.072, 100, 4, 1790, [N/A], 58, 1410, 5750, P2
2026/06/13 23:21:42.077, 100, 4, 1790, [N/A], 58, 1410, 5750, P2
2026/06/13 23:21:43.081, 100, 4, 1790, [N/A], 58, 1410, 5750, P2
2026/06/13 23:21:44.085, 100, 4, 1790, [N/A], 58, 1410, 5750, P2
2026/06/13 23:21:45.089, 100, 4, 1790, [N/A], 58, 1410, 5750, P2
2026/06/13 23:21:46.093, 100, 4, 1790, [N/A], 58, 1410, 5750, P2
2026/06/13 23:21:47.098, 100, 4, 1790, [N/A], 58, 1410, 5750, P2
2026/06/13 23:21:48.102, 100, 4, 1790, [N/A], 58, 1410, 5750, P2
2026/06/13 23:21:49.106, 100, 4, 1790, [N/A], 58, 1410, 5750, P2
2026/06/13 23:21:50.110, 100, 4, 1790, [N/A], 58, 1410, 5750, P2
2026/06/13 23:21:51.114, 100, 4, 1790, [N/A], 58, 1410, 5750, P2
2026/06/13 23:21:52.119, 100, 4, 1790, [N/A], 58, 1410, 5750, P2
2026/06/13 23:21:53.125, 100, 4, 1790, [N/A], 58, 1410, 5750, P2
2026/06/13 23:21:54.129, 100, 4, 1790, [N/A], 58, 1410, 5750, P2
2026/06/13 23:21:55.134, 100, 4, 1790, [N/A], 58, 1410, 5750, P2
2026/06/13 23:21:56.138, 100, 4, 1790, [N/A], 58, 1410, 5750, P2
2026/06/13 23:21:57.143, 100, 4, 1790, [N/A], 58, 1410, 5750, P2
2026/06/13 23:21:58.147, 100, 4, 1790, [N/A], 58, 1410, 5750, P2
2026/06/13 23:21:59.151, 100, 4, 1790, [N/A], 58, 1410, 5750, P2
2026/06/13 23:22:00.155, 100, 4, 1790, [N/A], 58, 1410, 5750, P2
2026/06/13 23:22:01.160, 100, 4, 1790, [N/A], 58, 1410, 5750, P2
2026/06/13 23:22:02.164, 100, 4, 1790, [N/A], 59, 1410, 5750, P2
2026/06/13 23:22:03.169, 100, 4, 1790, [N/A], 59, 1410, 5750, P2
2026/06/13 23:22:04.173, 100, 4, 1790, [N/A], 59, 1410, 5750, P2
2026/06/13 23:22:05.178, 100, 4, 1790, [N/A], 59, 1410, 5750, P2
2026/06/13 23:22:06.182, 100, 4, 1790, [N/A], 59, 1410, 5750, P2
2026/06/13 23:22:07.186, 100, 4, 1790, [N/A], 59, 1410, 5750, P2
2026/06/13 23:22:08.191, 100, 4, 1790, [N/A], 59, 1410, 5750, P2
2026/06/13 23:22:09.195, 100, 4, 1790, [N/A], 59, 1410, 5750, P2
2026/06/13 23:22:10.199, 100, 4, 1790, [N/A], 59, 1410, 5750, P2
2026/06/13 23:22:11.203, 100, 4, 1790, [N/A], 59, 1410, 5750, P2
2026/06/13 23:22:12.208, 100, 4, 1790, [N/A], 59, 1410, 5750, P2
2026/06/13 23:22:13.213, 100, 4, 1790, [N/A], 59, 1410, 5750, P2
2026/06/13 23:22:14.217, 100, 4, 1790, [N/A], 59, 1410, 5750, P2
2026/06/13 23:22:15.221, 100, 4, 1790, [N/A], 59, 1410, 5750, P2
2026/06/13 23:22:16.225, 99, 4, 1790, [N/A], 59, 1410, 5750, P2
2026/06/13 23:22:17.229, 100, 5, 1790, [N/A], 60, 1410, 5750, P2
2026/06/13 23:22:18.234, 100, 4, 1790, [N/A], 60, 1410, 5750, P2
2026/06/13 23:22:19.241, 100, 4, 1790, [N/A], 60, 1410, 5750, P2
2026/06/13 23:22:20.246, 100, 4, 1790, [N/A], 60, 1410, 5750, P2
2026/06/13 23:22:21.250, 100, 4, 1790, [N/A], 60, 1410, 5750, P2
2026/06/13 23:22:22.255, 100, 4, 1790, [N/A], 60, 1410, 5750, P2
2026/06/13 23:22:23.259, 100, 4, 1790, [N/A], 60, 1410, 5750, P2
2026/06/13 23:22:24.263, 100, 4, 1790, [N/A], 60, 1410, 5750, P2
2026/06/13 23:22:25.267, 100, 4, 1790, [N/A], 60, 1410, 5750, P2
2026/06/13 23:22:26.271, 100, 4, 1790, [N/A], 60, 1410, 5750, P2
2026/06/13 23:22:27.275, 100, 4, 1790, [N/A], 60, 1410, 5750, P2
2026/06/13 23:22:28.280, 100, 4, 1790, [N/A], 60, 1410, 5750, P2
2026/06/13 23:22:29.284, 100, 4, 1790, [N/A], 60, 1410, 5750, P2
2026/06/13 23:22:30.288, 100, 4, 1790, [N/A], 61, 1410, 5750, P2
2026/06/13 23:22:31.293, 100, 4, 1790, [N/A], 61, 1410, 5750, P2
2026/06/13 23:22:32.297, 100, 4, 1790, [N/A], 61, 1410, 5750, P2
2026/06/13 23:22:33.301, 100, 4, 1790, [N/A], 61, 1410, 5750, P2
2026/06/13 23:22:34.305, 100, 4, 1790, [N/A], 61, 1410, 5750, P2
2026/06/13 23:22:35.309, 100, 4, 1790, [N/A], 61, 1410, 5750, P2
2026/06/13 23:22:36.314, 100, 4, 1790, [N/A], 61, 1410, 5750, P2
2026/06/13 23:22:37.318, 100, 4, 1790, [N/A], 61, 1410, 5750, P2
2026/06/13 23:22:38.322, 100, 4, 1790, [N/A], 61, 1410, 5750, P2
2026/06/13 23:22:39.326, 100, 4, 1790, [N/A], 61, 1410, 5750, P2
2026/06/13 23:22:40.330, 100, 4, 1790, [N/A], 61, 1410, 5750, P2
2026/06/13 23:22:41.334, 100, 4, 1790, [N/A], 61, 1410, 5750, P2
2026/06/13 23:22:42.338, 100, 4, 1790, [N/A], 61, 1410, 5750, P2
2026/06/13 23:22:43.343, 100, 4, 1790, [N/A], 61, 1410, 5750, P2
2026/06/13 23:22:44.347, 100, 4, 1790, [N/A], 61, 1410, 5750, P2
2026/06/13 23:22:45.351, 100, 4, 1790, [N/A], 61, 1410, 5750, P2
2026/06/13 23:22:46.355, 100, 4, 1790, [N/A], 61, 1410, 5750, P2
2026/06/13 23:22:47.360, 100, 4, 1790, [N/A], 61, 1410, 5750, P2
2026/06/13 23:22:48.364, 100, 4, 1790, [N/A], 61, 1410, 5750, P2
2026/06/13 23:22:49.368, 100, 4, 1790, [N/A], 61, 1410, 5750, P2
2026/06/13 23:22:50.372, 100, 4, 1790, [N/A], 61, 1410, 5750, P2
2026/06/13 23:22:51.376, 100, 4, 1790, [N/A], 61, 1410, 5750, P2
2026/06/13 23:22:52.381, 100, 4, 1790, [N/A], 61, 1410, 5750, P2
2026/06/13 23:22:53.385, 100, 4, 1790, [N/A], 61, 1410, 5750, P2
2026/06/13 23:22:54.389, 100, 4, 1790, [N/A], 60, 1410, 5750, P2
2026/06/13 23:22:55.394, 100, 4, 1790, [N/A], 61, 1410, 5750, P2
2026/06/13 23:22:56.398, 100, 4, 1790, [N/A], 60, 1410, 5750, P2
2026/06/13 23:22:57.402, 100, 4, 1790, [N/A], 60, 1410, 5750, P2
2026/06/13 23:22:58.407, 100, 4, 1790, [N/A], 60, 1410, 5750, P2
2026/06/13 23:22:59.411, 100, 4, 1790, [N/A], 60, 1410, 5750, P2
2026/06/13 23:23:00.417, 99, 4, 1790, [N/A], 60, 1410, 5750, P2
2026/06/13 23:23:01.422, 100, 5, 1790, [N/A], 60, 1410, 5750, P2
2026/06/13 23:23:02.427, 100, 4, 1790, [N/A], 60, 1410, 5750, P2
2026/06/13 23:23:03.431, 100, 4, 1790, [N/A], 60, 1410, 5750, P2
2026/06/13 23:23:04.435, 100, 4, 1790, [N/A], 59, 1410, 5750, P2
2026/06/13 23:23:05.439, 100, 4, 1790, [N/A], 59, 1410, 5750, P2
2026/06/13 23:23:06.444, 100, 4, 1790, [N/A], 59, 1410, 5750, P2
2026/06/13 23:23:07.449, 100, 4, 1790, [N/A], 59, 1410, 5750, P2
2026/06/13 23:23:08.453, 100, 4, 1790, [N/A], 59, 1410, 5750, P2
2026/06/13 23:23:09.457, 100, 4, 1790, [N/A], 59, 1410, 5750, P2
2026/06/13 23:23:10.462, 100, 4, 1790, [N/A], 59, 1410, 5750, P2
2026/06/13 23:23:11.466, 100, 4, 1790, [N/A], 59, 1410, 5750, P2
2026/06/13 23:23:12.471, 100, 4, 1790, [N/A], 58, 1410, 5750, P2
2026/06/13 23:23:13.476, 100, 4, 1790, [N/A], 59, 1410, 5750, P2
2026/06/13 23:23:14.480, 100, 4, 1790, [N/A], 59, 1410, 5750, P2
2026/06/13 23:23:15.484, 100, 4, 1790, [N/A], 59, 1410, 5750, P2
2026/06/13 23:23:16.488, 100, 4, 1790, [N/A], 58, 1410, 5750, P2
2026/06/13 23:23:17.493, 100, 4, 1790, [N/A], 58, 1410, 5750, P2
2026/06/13 23:23:18.497, 100, 4, 1790, [N/A], 58, 1410, 5750, P2
2026/06/13 23:23:19.501, 100, 4, 1790, [N/A], 58, 1410, 5750, P2
2026/06/13 23:23:20.506, 100, 4, 1790, [N/A], 58, 1410, 5750, P2
2026/06/13 23:23:21.510, 100, 4, 1790, [N/A], 58, 1410, 5750, P2
2026/06/13 23:23:22.514, 100, 4, 1790, [N/A], 58, 1410, 5750, P2
2026/06/13 23:23:23.518, 100, 4, 1790, [N/A], 58, 1410, 5750, P2
2026/06/13 23:23:24.523, 100, 4, 1790, [N/A], 58, 1410, 5750, P2
2026/06/13 23:23:25.527, 100, 4, 1790, [N/A], 58, 1410, 5750, P2
2026/06/13 23:23:26.532, 100, 4, 1790, [N/A], 58, 1410, 5750, P2
2026/06/13 23:23:27.537, 100, 4, 1790, [N/A], 58, 1410, 5750, P2
2026/06/13 23:23:28.542, 100, 4, 1790, [N/A], 58, 1410, 5750, P2
2026/06/13 23:23:29.546, 100, 4, 1790, [N/A], 58, 1410, 5750, P2
2026/06/13 23:23:30.551, 100, 4, 1790, [N/A], 58, 1410, 5750, P2
2026/06/13 23:23:31.555, 100, 4, 1790, [N/A], 58, 1410, 5750, P2
2026/06/13 23:23:32.559, 100, 4, 1790, [N/A], 58, 1410, 5750, P2
2026/06/13 23:23:33.563, 100, 4, 1790, [N/A], 57, 1410, 5750, P2
2026/06/13 23:23:34.567, 100, 4, 1790, [N/A], 58, 1410, 5750, P2
2026/06/13 23:23:35.572, 100, 4, 1790, [N/A], 57, 1410, 5750, P2
2026/06/13 23:23:36.576, 100, 4, 1790, [N/A], 57, 1410, 5750, P2
2026/06/13 23:23:37.580, 100, 4, 1790, [N/A], 57, 1410, 5750, P2
2026/06/13 23:23:38.585, 100, 4, 1790, [N/A], 58, 1410, 5750, P2
2026/06/13 23:23:39.589, 100, 4, 1790, [N/A], 58, 1410, 5750, P2
2026/06/13 23:23:40.593, 100, 4, 1790, [N/A], 58, 1410, 5750, P2
2026/06/13 23:23:41.597, 100, 4, 1790, [N/A], 58, 1410, 5750, P2
2026/06/13 23:23:42.602, 100, 4, 1790, [N/A], 58, 1410, 5750, P2
2026/06/13 23:23:43.606, 100, 4, 1790, [N/A], 58, 1410, 5750, P2
2026/06/13 23:23:44.611, 100, 4, 1790, [N/A], 58, 1410, 5750, P2
2026/06/13 23:23:45.615, 100, 5, 1790, [N/A], 58, 1410, 5750, P2
2026/06/13 23:23:46.619, 100, 4, 1790, [N/A], 58, 1410, 5750, P2
2026/06/13 23:23:47.624, 100, 4, 1790, [N/A], 58, 1410, 5750, P2
2026/06/13 23:23:48.628, 100, 4, 1790, [N/A], 58, 1410, 5750, P2
2026/06/13 23:23:49.632, 100, 4, 1790, [N/A], 58, 1410, 5750, P2
2026/06/13 23:23:50.637, 100, 4, 1790, [N/A], 58, 1410, 5750, P2
2026/06/13 23:23:51.641, 100, 4, 1790, [N/A], 58, 1410, 5750, P2
2026/06/13 23:23:52.646, 100, 4, 1790, [N/A], 59, 1410, 5750, P2
2026/06/13 23:23:53.650, 100, 4, 1790, [N/A], 59, 1410, 5750, P2
2026/06/13 23:23:54.654, 100, 4, 1790, [N/A], 59, 1410, 5750, P2
2026/06/13 23:23:55.659, 100, 4, 1790, [N/A], 59, 1410, 5750, P2
2026/06/13 23:23:56.664, 100, 4, 1790, [N/A], 59, 1410, 5750, P2
2026/06/13 23:23:57.668, 100, 4, 1790, [N/A], 59, 1410, 5750, P2
2026/06/13 23:23:58.673, 100, 4, 1790, [N/A], 59, 1410, 5750, P2
2026/06/13 23:23:59.678, 100, 4, 1790, [N/A], 59, 1410, 5750, P2
2026/06/13 23:24:00.682, 100, 4, 1790, [N/A], 59, 1410, 5750, P2
2026/06/13 23:24:01.688, 100, 4, 1790, [N/A], 59, 1410, 5750, P2
2026/06/13 23:24:02.694, 100, 4, 1790, [N/A], 59, 1410, 5750, P2
2026/06/13 23:24:03.699, 100, 4, 1790, [N/A], 59, 1410, 5750, P2
2026/06/13 23:24:04.703, 100, 4, 1790, [N/A], 59, 1410, 5750, P2
2026/06/13 23:24:05.708, 100, 4, 1790, [N/A], 59, 1410, 5750, P2
2026/06/13 23:24:06.712, 100, 4, 1790, [N/A], 60, 1410, 5750, P2
2026/06/13 23:24:07.717, 100, 4, 1790, [N/A], 60, 1410, 5750, P2
2026/06/13 23:24:08.721, 100, 4, 1790, [N/A], 60, 1410, 5750, P2
2026/06/13 23:24:09.726, 100, 4, 1790, [N/A], 60, 1410, 5750, P2
2026/06/13 23:24:10.730, 100, 4, 1790, [N/A], 60, 1410, 5750, P2
2026/06/13 23:24:11.735, 100, 4, 1790, [N/A], 60, 1410, 5750, P2
2026/06/13 23:24:12.739, 100, 4, 1790, [N/A], 60, 1410, 5750, P2
2026/06/13 23:24:13.743, 100, 4, 1790, [N/A], 60, 1410, 5750, P2
2026/06/13 23:24:14.748, 100, 4, 1790, [N/A], 60, 1410, 5750, P2
2026/06/13 23:24:15.752, 100, 4, 1790, [N/A], 60, 1410, 5750, P2
2026/06/13 23:24:16.756, 100, 4, 1790, [N/A], 60, 1410, 5750, P2
2026/06/13 23:24:17.760, 100, 4, 1790, [N/A], 60, 1410, 5750, P2
2026/06/13 23:24:18.765, 100, 4, 1790, [N/A], 60, 1410, 5750, P2
2026/06/13 23:24:19.769, 100, 4, 1790, [N/A], 60, 1410, 5750, P2
2026/06/13 23:24:20.773, 100, 4, 1790, [N/A], 61, 1410, 5750, P2
2026/06/13 23:24:21.778, 100, 4, 1790, [N/A], 61, 1410, 5750, P2
2026/06/13 23:24:22.782, 100, 4, 1790, [N/A], 61, 1410, 5750, P2
2026/06/13 23:24:23.786, 100, 4, 1790, [N/A], 61, 1410, 5750, P2
2026/06/13 23:24:24.791, 100, 4, 1790, [N/A], 61, 1410, 5750, P2
2026/06/13 23:24:25.795, 100, 4, 1790, [N/A], 61, 1410, 5750, P2
2026/06/13 23:24:26.800, 100, 4, 1790, [N/A], 61, 1410, 5750, P2
2026/06/13 23:24:27.805, 100, 4, 78, [N/A], 61, 1410, 5750, P2
