2026/06/14 00:07:01.675, 0, 1, 17, [N/A], 54, 1410, 6000, P0
2026/06/14 00:07:02.681, 0, 1, 72, [N/A], 54, 1410, 5750, P2
2026/06/14 00:07:03.685, 4, 1, 2402, [N/A], 54, 1410, 5750, P2
2026/06/14 00:07:04.689, 11, 5, 2402, [N/A], 54, 1410, 5750, P2
2026/06/14 00:07:05.693, 0, 1, 2402, [N/A], 54, 1410, 5750, P2
2026/06/14 00:07:06.697, 33, 2, 2414, [N/A], 54, 1410, 5750, P2
2026/06/14 00:07:07.702, 100, 4, 2414, [N/A], 54, 1410, 5750, P2
2026/06/14 00:07:08.706, 100, 4, 2414, [N/A], 54, 1410, 5750, P2
2026/06/14 00:07:09.711, 100, 4, 2414, [N/A], 54, 1410, 5750, P2
2026/06/14 00:07:10.715, 100, 4, 2414, [N/A], 54, 1410, 5750, P2
2026/06/14 00:07:11.719, 100, 4, 2414, [N/A], 54, 1410, 5750, P2
2026/06/14 00:07:12.724, 100, 5, 2414, [N/A], 55, 1410, 5750, P2
2026/06/14 00:07:13.728, 98, 5, 2414, [N/A], 55, 1410, 5750, P2
2026/06/14 00:07:14.733, 100, 4, 2414, [N/A], 55, 1410, 5750, P2
2026/06/14 00:07:15.738, 99, 5, 2414, [N/A], 55, 1410, 5750, P2
2026/06/14 00:07:16.743, 100, 4, 2414, [N/A], 55, 1410, 5750, P2
2026/06/14 00:07:17.749, 100, 4, 2414, [N/A], 55, 1410, 5750, P2
2026/06/14 00:07:18.753, 100, 4, 2414, [N/A], 55, 1410, 5750, P2
2026/06/14 00:07:19.758, 100, 4, 2414, [N/A], 55, 1410, 5750, P2
2026/06/14 00:07:20.763, 100, 4, 2416, [N/A], 55, 1410, 5750, P2
2026/06/14 00:07:21.767, 97, 6, 2416, [N/A], 55, 1410, 5750, P2
2026/06/14 00:07:22.771, 100, 4, 2416, [N/A], 55, 1410, 5750, P2
2026/06/14 00:07:23.775, 100, 4, 2416, [N/A], 55, 1410, 5750, P2
2026/06/14 00:07:24.780, 100, 4, 2416, [N/A], 56, 1410, 5750, P2
2026/06/14 00:07:25.784, 100, 4, 2416, [N/A], 55, 1410, 5750, P2
2026/06/14 00:07:26.788, 100, 4, 2416, [N/A], 56, 1410, 5750, P2
2026/06/14 00:07:27.792, 100, 4, 2416, [N/A], 56, 1410, 5750, P2
2026/06/14 00:07:28.796, 100, 4, 2416, [N/A], 56, 1410, 5750, P2
2026/06/14 00:07:29.801, 98, 6, 2416, [N/A], 56, 1410, 5750, P2
2026/06/14 00:07:30.805, 100, 4, 2416, [N/A], 56, 1410, 5750, P2
2026/06/14 00:07:31.809, 100, 4, 2416, [N/A], 56, 1410, 5750, P2
2026/06/14 00:07:32.813, 100, 4, 2416, [N/A], 56, 1410, 5750, P2
2026/06/14 00:07:33.817, 100, 4, 2416, [N/A], 56, 1410, 5750, P2
2026/06/14 00:07:34.822, 97, 5, 2416, [N/A], 57, 1410, 5750, P2
2026/06/14 00:07:35.826, 92, 16, 2416, [N/A], 58, 1410, 5750, P2
2026/06/14 00:07:36.830, 96, 25, 2416, [N/A], 58, 1410, 5750, P2
2026/06/14 00:07:37.835, 95, 25, 2416, [N/A], 59, 1410, 5750, P2
2026/06/14 00:07:38.839, 96, 24, 2416, [N/A], 59, 1410, 5750, P2
2026/06/14 00:07:39.843, 96, 22, 2416, [N/A], 59, 1410, 5750, P2
2026/06/14 00:07:40.847, 96, 26, 2416, [N/A], 59, 1410, 5750, P2
2026/06/14 00:07:41.852, 96, 27, 2416, [N/A], 59, 1410, 5750, P2
2026/06/14 00:07:42.856, 96, 25, 2416, [N/A], 58, 1410, 5750, P2
2026/06/14 00:07:43.860, 100, 4, 2416, [N/A], 58, 1410, 5750, P2
2026/06/14 00:07:44.865, 100, 5, 2416, [N/A], 58, 1410, 5750, P2
2026/06/14 00:07:45.869, 100, 4, 2416, [N/A], 58, 1410, 5750, P2
2026/06/14 00:07:46.874, 100, 4, 2416, [N/A], 58, 1410, 5750, P2
2026/06/14 00:07:47.878, 100, 4, 2416, [N/A], 58, 1410, 5750, P2
2026/06/14 00:07:48.882, 100, 4, 2416, [N/A], 58, 1410, 5750, P2
2026/06/14 00:07:49.887, 100, 4, 2416, [N/A], 58, 1410, 5750, P2
2026/06/14 00:07:50.891, 100, 5, 2416, [N/A], 58, 1410, 5750, P2
2026/06/14 00:07:51.895, 100, 4, 2416, [N/A], 58, 1410, 5750, P2
2026/06/14 00:07:52.899, 100, 4, 2416, [N/A], 58, 1410, 5750, P2
2026/06/14 00:07:53.904, 100, 4, 2416, [N/A], 58, 1410, 5750, P2
2026/06/14 00:07:54.908, 100, 5, 2416, [N/A], 58, 1410, 5750, P2
2026/06/14 00:07:55.912, 100, 4, 2416, [N/A], 58, 1410, 5750, P2
2026/06/14 00:07:56.916, 100, 4, 2416, [N/A], 59, 1410, 5750, P2
2026/06/14 00:07:57.920, 100, 4, 2416, [N/A], 59, 1410, 5750, P2
2026/06/14 00:07:58.925, 99, 5, 2416, [N/A], 59, 1410, 5750, P2
2026/06/14 00:07:59.929, 100, 4, 2416, [N/A], 59, 1410, 5750, P2
2026/06/14 00:08:00.933, 100, 4, 2416, [N/A], 59, 1410, 5750, P2
2026/06/14 00:08:01.938, 100, 4, 2416, [N/A], 59, 1410, 5750, P2
2026/06/14 00:08:02.944, 100, 4, 2416, [N/A], 59, 1410, 5750, P2
2026/06/14 00:08:03.948, 100, 4, 2416, [N/A], 59, 1410, 5750, P2
2026/06/14 00:08:04.953, 100, 5, 2416, [N/A], 59, 1410, 5750, P2
2026/06/14 00:08:05.957, 100, 4, 2416, [N/A], 59, 1410, 5750, P2
2026/06/14 00:08:06.961, 99, 5, 2416, [N/A], 59, 1410, 5750, P2
2026/06/14 00:08:07.966, 100, 4, 2416, [N/A], 59, 1410, 5750, P2
2026/06/14 00:08:08.970, 100, 4, 2416, [N/A], 59, 1410, 5750, P2
2026/06/14 00:08:09.975, 100, 4, 2416, [N/A], 59, 1410, 5750, P2
2026/06/14 00:08:10.979, 97, 5, 2416, [N/A], 61, 1410, 5750, P2
2026/06/14 00:08:11.984, 95, 20, 2416, [N/A], 61, 1410, 5750, P2
2026/06/14 00:08:12.988, 96, 25, 2416, [N/A], 61, 1410, 5750, P2
2026/06/14 00:08:13.992, 96, 23, 2416, [N/A], 62, 1410, 5750, P2
2026/06/14 00:08:14.997, 95, 24, 2416, [N/A], 62, 1410, 5750, P2
2026/06/14 00:08:16.001, 96, 23, 2416, [N/A], 62, 1410, 5750, P2
2026/06/14 00:08:17.006, 95, 25, 2416, [N/A], 63, 1410, 5750, P2
2026/06/14 00:08:18.010, 95, 30, 2416, [N/A], 61, 1410, 5750, P2
2026/06/14 00:08:19.014, 98, 12, 2416, [N/A], 61, 1410, 5750, P2
2026/06/14 00:08:20.018, 100, 5, 2416, [N/A], 60, 1410, 5750, P2
2026/06/14 00:08:21.023, 100, 4, 2416, [N/A], 60, 1410, 5750, P2
2026/06/14 00:08:22.027, 100, 4, 2416, [N/A], 60, 1410, 5750, P2
2026/06/14 00:08:23.031, 100, 4, 2416, [N/A], 60, 1410, 5750, P2
2026/06/14 00:08:24.035, 100, 4, 2416, [N/A], 60, 1410, 5750, P2
2026/06/14 00:08:25.039, 100, 4, 2416, [N/A], 60, 1410, 5750, P2
2026/06/14 00:08:26.043, 100, 4, 2416, [N/A], 59, 1410, 5750, P2
2026/06/14 00:08:27.048, 100, 5, 2416, [N/A], 60, 1410, 5750, P2
2026/06/14 00:08:28.052, 100, 4, 2416, [N/A], 59, 1410, 5750, P2
2026/06/14 00:08:29.056, 100, 4, 2416, [N/A], 59, 1410, 5750, P2
2026/06/14 00:08:30.060, 100, 5, 2416, [N/A], 59, 1410, 5750, P2
2026/06/14 00:08:31.064, 100, 4, 2416, [N/A], 59, 1410, 5750, P2
2026/06/14 00:08:32.068, 100, 4, 2416, [N/A], 59, 1410, 5750, P2
2026/06/14 00:08:33.073, 100, 4, 2416, [N/A], 59, 1410, 5750, P2
2026/06/14 00:08:34.077, 99, 4, 2416, [N/A], 59, 1410, 5750, P2
2026/06/14 00:08:35.081, 100, 5, 2416, [N/A], 58, 1410, 5750, P2
2026/06/14 00:08:36.085, 100, 4, 2416, [N/A], 58, 1410, 5750, P2
2026/06/14 00:08:37.090, 100, 4, 2416, [N/A], 58, 1410, 5750, P2
2026/06/14 00:08:38.094, 100, 4, 2416, [N/A], 58, 1410, 5750, P2
2026/06/14 00:08:39.098, 100, 4, 2416, [N/A], 58, 1410, 5750, P2
2026/06/14 00:08:40.102, 100, 5, 2416, [N/A], 58, 1410, 5750, P2
2026/06/14 00:08:41.107, 100, 4, 2416, [N/A], 58, 1410, 5750, P2
2026/06/14 00:08:42.113, 99, 4, 2416, [N/A], 58, 1410, 5750, P2
2026/06/14 00:08:43.118, 100, 5, 2416, [N/A], 58, 1410, 5750, P2
2026/06/14 00:08:44.122, 100, 4, 2416, [N/A], 58, 1410, 5750, P2
2026/06/14 00:08:45.126, 100, 4, 2416, [N/A], 58, 1410, 5750, P2
2026/06/14 00:08:46.130, 100, 4, 2416, [N/A], 57, 1410, 5750, P2
2026/06/14 00:08:47.134, 95, 9, 2416, [N/A], 59, 1410, 5750, P2
2026/06/14 00:08:48.139, 96, 25, 2416, [N/A], 59, 1410, 5750, P2
2026/06/14 00:08:49.143, 95, 24, 2416, [N/A], 59, 1410, 5750, P2
2026/06/14 00:08:50.147, 96, 23, 2416, [N/A], 59, 1410, 5750, P2
2026/06/14 00:08:51.152, 95, 23, 2416, [N/A], 59, 1410, 5750, P2
2026/06/14 00:08:52.156, 96, 25, 2416, [N/A], 59, 1410, 5750, P2
2026/06/14 00:08:53.160, 96, 27, 2416, [N/A], 60, 1410, 5750, P2
