2026/06/14 01:47:30.948, 0, 1, 17, [N/A], 59, 1410, 6000, P0
2026/06/14 01:47:31.954, 0, 1, 72, [N/A], 59, 1410, 5750, P2
2026/06/14 01:47:32.958, 0, 1, 72, [N/A], 59, 1410, 5750, P2
2026/06/14 01:47:33.962, 0, 1, 72, [N/A], 58, 1410, 5750, P2
2026/06/14 01:47:34.966, 0, 1, 72, [N/A], 58, 1410, 5750, P2
2026/06/14 01:47:35.970, 0, 1, 72, [N/A], 58, 1410, 5750, P2
2026/06/14 01:47:36.974, 0, 1, 72, [N/A], 58, 1410, 5750, P2
2026/06/14 01:47:37.979, 0, 1, 72, [N/A], 58, 1410, 5750, P2
2026/06/14 01:47:38.983, 0, 1, 72, [N/A], 58, 1410, 5750, P2
2026/06/14 01:47:39.987, 0, 1, 1954, [N/A], 58, 1410, 5750, P2
2026/06/14 01:47:40.993, 13, 5, 1954, [N/A], 57, 1410, 5750, P2
2026/06/14 01:47:41.997, 1, 1, 1958, [N/A], 58, 1410, 5750, P2
2026/06/14 01:47:43.002, 100, 4, 1958, [N/A], 58, 1410, 5750, P2
2026/06/14 01:47:44.006, 100, 4, 1958, [N/A], 58, 1410, 5750, P2
2026/06/14 01:47:45.010, 100, 4, 1958, [N/A], 58, 1410, 5750, P2
2026/06/14 01:47:46.015, 100, 4, 1958, [N/A], 58, 1410, 5750, P2
2026/06/14 01:47:47.019, 100, 5, 1958, [N/A], 60, 1410, 5750, P2
2026/06/14 01:47:48.024, 98, 72, 1958, [N/A], 59, 1410, 5750, P2
2026/06/14 01:47:49.029, 83, 46, 1958, [N/A], 58, 1410, 5750, P2
2026/06/14 01:47:50.033, 100, 4, 1958, [N/A], 58, 1410, 5750, P2
2026/06/14 01:47:51.037, 100, 4, 1958, [N/A], 58, 1410, 5750, P2
2026/06/14 01:47:52.041, 100, 4, 1958, [N/A], 58, 1410, 5750, P2
2026/06/14 01:47:53.046, 100, 5, 1958, [N/A], 60, 1410, 5750, P2
2026/06/14 01:47:54.051, 98, 46, 1958, [N/A], 60, 1410, 5750, P2
2026/06/14 01:47:55.057, 97, 72, 1958, [N/A], 58, 1410, 5750, P2
2026/06/14 01:47:56.062, 83, 4, 1958, [N/A], 58, 1410, 5750, P2
2026/06/14 01:47:57.066, 100, 4, 1958, [N/A], 57, 1410, 5750, P2
2026/06/14 01:47:58.070, 100, 4, 1958, [N/A], 57, 1410, 5750, P2
2026/06/14 01:47:59.075, 100, 4, 1958, [N/A], 57, 1410, 5750, P2
2026/06/14 01:48:00.079, 100, 12, 1958, [N/A], 57, 1410, 5750, P2
2026/06/14 01:48:01.083, 54, 14, 1958, [N/A], 57, 1410, 5750, P2
2026/06/14 01:48:02.088, 100, 4, 1958, [N/A], 57, 1410, 5750, P2
2026/06/14 01:48:03.092, 100, 4, 1958, [N/A], 57, 1410, 5750, P2
2026/06/14 01:48:04.096, 100, 4, 1958, [N/A], 57, 1410, 5750, P2
2026/06/14 01:48:05.100, 100, 4, 1958, [N/A], 57, 1410, 5750, P2
2026/06/14 01:48:06.105, 100, 4, 1958, [N/A], 59, 1410, 5750, P2
2026/06/14 01:48:07.111, 99, 47, 1958, [N/A], 60, 1410, 5750, P2
2026/06/14 01:48:08.117, 98, 73, 1958, [N/A], 57, 1410, 5750, P2
2026/06/14 01:48:09.121, 79, 5, 1958, [N/A], 57, 1410, 5750, P2
2026/06/14 01:48:10.126, 100, 4, 1958, [N/A], 57, 1410, 5750, P2
2026/06/14 01:48:11.130, 100, 4, 1958, [N/A], 56, 1410, 5750, P2
2026/06/14 01:48:12.134, 100, 4, 1958, [N/A], 56, 1410, 5750, P2
2026/06/14 01:48:13.138, 100, 5, 1958, [N/A], 59, 1410, 5750, P2
2026/06/14 01:48:14.143, 98, 56, 1958, [N/A], 59, 1410, 5750, P2
2026/06/14 01:48:15.148, 86, 63, 1958, [N/A], 57, 1410, 5750, P2
2026/06/14 01:48:16.153, 95, 4, 1958, [N/A], 56, 1410, 5750, P2
2026/06/14 01:48:17.157, 100, 4, 1958, [N/A], 56, 1410, 5750, P2
2026/06/14 01:48:18.161, 100, 4, 1958, [N/A], 56, 1410, 5750, P2
2026/06/14 01:48:19.166, 100, 4, 1958, [N/A], 58, 1410, 5750, P2
2026/06/14 01:48:20.171, 99, 20, 1958, [N/A], 56, 1410, 5750, P2
2026/06/14 01:48:21.175, 72, 16, 1958, [N/A], 56, 1410, 5750, P2
2026/06/14 01:48:22.180, 100, 4, 1958, [N/A], 56, 1410, 5750, P2
2026/06/14 01:48:23.184, 100, 4, 1958, [N/A], 56, 1410, 5750, P2
2026/06/14 01:48:24.189, 100, 4, 1958, [N/A], 56, 1410, 5750, P2
2026/06/14 01:48:25.193, 100, 4, 1958, [N/A], 56, 1410, 5750, P2
2026/06/14 01:48:26.198, 100, 4, 1958, [N/A], 56, 1410, 5750, P2
2026/06/14 01:48:27.204, 80, 20, 1958, [N/A], 56, 1410, 5750, P2
2026/06/14 01:48:28.210, 100, 4, 1958, [N/A], 55, 1410, 5750, P2
2026/06/14 01:48:29.214, 100, 4, 1958, [N/A], 55, 1410, 5750, P2
2026/06/14 01:48:30.218, 100, 4, 1958, [N/A], 55, 1410, 5750, P2
